city,customers,churned_customers,active_customers,active_monthly_charge_exposure,observed_churn_rate
San Diego,285,185,100,6697.0,0.6491228070175439
Escondido,51,16,35,2180.4000000000005,0.3137254901960784
San Francisco,104,31,73,4246.200000000001,0.2980769230769231
Los Angeles,293,78,215,12418.55,0.26621160409556316
San Jose,112,29,83,5314.45,0.25892857142857145
Long Beach,60,15,45,2813.95,0.25
Oakland,52,13,39,2453.5500000000006,0.25
Sacramento,108,26,82,4883.25,0.24074074074074073
Fresno,61,13,48,2959.9,0.21311475409836064
